report,version
ago_data_areas,2022
bwa_data_areas,2022
swz_data_areas,2022
eth_data_areas,2022
ken_data_areas,2022
lso_data_areas,2022
mwi_data_areas,2022
moz_data_areas,2022
nam_data_areas,2022
rwa_data_areas,2022
zaf_data_areas,2022
ssd_data_areas,2022
uga_data_areas,2022
tza_data_areas,2022
zmb_data_areas,2022
zwe_data_areas,2022
ben_data_areas,2022
bfa_data_areas,2022
bdi_data_areas,2022
cmr_data_areas,2022
caf_data_areas,2022
tcd_data_areas,2022
cog_data_areas,2022
civ_data_areas,2022
cod_data_areas,2022
gnq_data_areas,2022
gab_data_areas,2022
gmb_data_areas,2022
gha_data_areas,2022
gin_data_areas,2022
gnb_data_areas,2022
lbr_data_areas,2022
mli_data_areas,2022
ner_data_areas,2022
nga_data_areas,2022
sen_data_areas,2022
sle_data_areas,2022
tgo_data_areas,2022